Study,Study type,Author position,Demographic,Demographic category,Assessor,Reviewer demographic,Total manuscripts,N.revisions,Year,Category,Subcategory,Journal impact factor,Stage,Notes
Handley et al. (2015),Observational,First,Gender_2,Z_Female,Reviewer,All Male,NA,1.25,2006.5,Life sciences,Other Biological Science,0.975875,Number of revisions,"The text says, ""The next model controlled for the number of revisions a manuscript went through before being either published or not published. For this analysis, manuscripts that were immediately accepted (N = 49) and immediately rejected (N = 1,290) were omitted, because revisions were not required (39% of the original sample).” Can't calculate the number of manuscripts by demographic combination from the article."
Handley et al. (2015),Observational,First,Gender_2,Male,Reviewer,All Male,NA,1.23,2006.5,Life sciences,Other Biological Science,0.975875,Number of revisions,"The text says, ""The next model controlled for the number of revisions a manuscript went through before being either published or not published. For this analysis, manuscripts that were immediately accepted (N = 49) and immediately rejected (N = 1,290) were omitted, because revisions were not required (39% of the original sample).” Can't calculate the number of manuscripts by demographic combination from the article."
Handley et al. (2015),Observational,First,Gender_2,Z_Female,Reviewer,1+ Female,NA,1.05,2006.5,Life sciences,Other Biological Science,0.975875,Number of revisions,"The text says, ""The next model controlled for the number of revisions a manuscript went through before being either published or not published. For this analysis, manuscripts that were immediately accepted (N = 49) and immediately rejected (N = 1,290) were omitted, because revisions were not required (39% of the original sample).” Can't calculate the number of manuscripts by demographic combination from the article."
Handley et al. (2015),Observational,First,Gender_2,Male,Reviewer,1+ Female,NA,1.22,2006.5,Life sciences,Other Biological Science,0.975875,Number of revisions,"The text says, ""The next model controlled for the number of revisions a manuscript went through before being either published or not published. For this analysis, manuscripts that were immediately accepted (N = 49) and immediately rejected (N = 1,290) were omitted, because revisions were not required (39% of the original sample).” Can't calculate the number of manuscripts by demographic combination from the article."
Squazzoni et al. (2021),Observational,First,Gender_2,Z_Female,Reviewer,1+ Female,754,1.031830239,2013,Health sciences,Health sciences,1,Number of revisions,"This row only uses data from single-blind journals. The study only gives the total number of reviewers they assigned to male/female, so we excluded the manuscripts for which they assigned 0 reviewers for this calculation. "
Squazzoni et al. (2021),Observational,First,Gender_2,Z_Female,Reviewer,1+ Female,2298,0.687989556,2013,Health sciences,Health sciences,2,Number of revisions,"This row only uses data from single-blind journals. The study only gives the total number of reviewers they assigned to male/female, so we excluded the manuscripts for which they assigned 0 reviewers for this calculation. "
Squazzoni et al. (2021),Observational,First,Gender_2,Z_Female,Reviewer,1+ Female,2049,0.821864324,2013,Health sciences,Health sciences,3,Number of revisions,"This row only uses data from single-blind journals. The study only gives the total number of reviewers they assigned to male/female, so we excluded the manuscripts for which they assigned 0 reviewers for this calculation. "
Squazzoni et al. (2021),Observational,First,Gender_2,Z_Female,Reviewer,1+ Female,5191,0.733962628,2013,Health sciences,Health sciences,4,Number of revisions,"This row only uses data from single-blind journals. The study only gives the total number of reviewers they assigned to male/female, so we excluded the manuscripts for which they assigned 0 reviewers for this calculation. "
Squazzoni et al. (2021),Observational,First,Gender_2,Z_Female,Reviewer,1+ Female,1314,0.765601218,2013,Health sciences,Health sciences,5,Number of revisions,"This row only uses data from single-blind journals. The study only gives the total number of reviewers they assigned to male/female, so we excluded the manuscripts for which they assigned 0 reviewers for this calculation. "
Squazzoni et al. (2021),Observational,First,Gender_2,Z_Female,Reviewer,1+ Female,472,0.603813559,2013,Health sciences,Health sciences,6,Number of revisions,"This row only uses data from single-blind journals. The study only gives the total number of reviewers they assigned to male/female, so we excluded the manuscripts for which they assigned 0 reviewers for this calculation. "
Squazzoni et al. (2021),Observational,First,Gender_2,Z_Female,Reviewer,1+ Female,128,0.484375,2013,Health sciences,Health sciences,7,Number of revisions,"This row only uses data from single-blind journals. The study only gives the total number of reviewers they assigned to male/female, so we excluded the manuscripts for which they assigned 0 reviewers for this calculation. "
Squazzoni et al. (2021),Observational,First,Gender_2,Z_Female,Reviewer,1+ Female,387,0.772609819,2013,Life sciences,Life sciences,1,Number of revisions,"This row only uses data from single-blind journals. The study only gives the total number of reviewers they assigned to male/female, so we excluded the manuscripts for which they assigned 0 reviewers for this calculation. "
Squazzoni et al. (2021),Observational,First,Gender_2,Z_Female,Reviewer,1+ Female,711,0.856540084,2013,Life sciences,Life sciences,2,Number of revisions,"This row only uses data from single-blind journals. The study only gives the total number of reviewers they assigned to male/female, so we excluded the manuscripts for which they assigned 0 reviewers for this calculation. "
Squazzoni et al. (2021),Observational,First,Gender_2,Z_Female,Reviewer,1+ Female,778,0.996143959,2013,Life sciences,Life sciences,3,Number of revisions,"This row only uses data from single-blind journals. The study only gives the total number of reviewers they assigned to male/female, so we excluded the manuscripts for which they assigned 0 reviewers for this calculation. "
Squazzoni et al. (2021),Observational,First,Gender_2,Z_Female,Reviewer,1+ Female,469,0.842217484,2013,Life sciences,Life sciences,4,Number of revisions,"This row only uses data from single-blind journals. The study only gives the total number of reviewers they assigned to male/female, so we excluded the manuscripts for which they assigned 0 reviewers for this calculation. "
Squazzoni et al. (2021),Observational,First,Gender_2,Z_Female,Reviewer,1+ Female,739,1.00541272,2013,Life sciences,Life sciences,5,Number of revisions,"This row only uses data from single-blind journals. The study only gives the total number of reviewers they assigned to male/female, so we excluded the manuscripts for which they assigned 0 reviewers for this calculation. "
Squazzoni et al. (2021),Observational,First,Gender_2,Z_Female,Reviewer,1+ Female,387,0.855297158,2013,Life sciences,Life sciences,6,Number of revisions,"This row only uses data from single-blind journals. The study only gives the total number of reviewers they assigned to male/female, so we excluded the manuscripts for which they assigned 0 reviewers for this calculation. "
Squazzoni et al. (2021),Observational,First,Gender_2,Z_Female,Reviewer,1+ Female,57,1.157894737,2013,Life sciences,Life sciences,7,Number of revisions,"This row only uses data from single-blind journals. The study only gives the total number of reviewers they assigned to male/female, so we excluded the manuscripts for which they assigned 0 reviewers for this calculation. "
Squazzoni et al. (2021),Observational,First,Gender_2,Z_Female,Reviewer,1+ Female,31,0.548387097,2013,Life sciences,Life sciences,8,Number of revisions,"This row only uses data from single-blind journals. The study only gives the total number of reviewers they assigned to male/female, so we excluded the manuscripts for which they assigned 0 reviewers for this calculation. "
Squazzoni et al. (2021),Observational,First,Gender_2,Z_Female,Reviewer,All Male,690,0.92173913,2013,Health sciences,Health sciences,1,Number of revisions,"This row only uses data from single-blind journals. The study only gives the total number of reviewers they assigned to male/female, so we excluded the manuscripts for which they assigned 0 reviewers for this calculation. "
Squazzoni et al. (2021),Observational,First,Gender_2,Z_Female,Reviewer,All Male,3556,0.605174353,2013,Health sciences,Health sciences,2,Number of revisions,"This row only uses data from single-blind journals. The study only gives the total number of reviewers they assigned to male/female, so we excluded the manuscripts for which they assigned 0 reviewers for this calculation. "
Squazzoni et al. (2021),Observational,First,Gender_2,Z_Female,Reviewer,All Male,2715,0.734069982,2013,Health sciences,Health sciences,3,Number of revisions,"This row only uses data from single-blind journals. The study only gives the total number of reviewers they assigned to male/female, so we excluded the manuscripts for which they assigned 0 reviewers for this calculation. "
Squazzoni et al. (2021),Observational,First,Gender_2,Z_Female,Reviewer,All Male,4767,0.628487518,2013,Health sciences,Health sciences,4,Number of revisions,"This row only uses data from single-blind journals. The study only gives the total number of reviewers they assigned to male/female, so we excluded the manuscripts for which they assigned 0 reviewers for this calculation. "
Squazzoni et al. (2021),Observational,First,Gender_2,Z_Female,Reviewer,All Male,1443,0.686070686,2013,Health sciences,Health sciences,5,Number of revisions,"This row only uses data from single-blind journals. The study only gives the total number of reviewers they assigned to male/female, so we excluded the manuscripts for which they assigned 0 reviewers for this calculation. "
Squazzoni et al. (2021),Observational,First,Gender_2,Z_Female,Reviewer,All Male,931,0.527389903,2013,Health sciences,Health sciences,6,Number of revisions,"This row only uses data from single-blind journals. The study only gives the total number of reviewers they assigned to male/female, so we excluded the manuscripts for which they assigned 0 reviewers for this calculation. "
Squazzoni et al. (2021),Observational,First,Gender_2,Z_Female,Reviewer,All Male,381,0.459317585,2013,Health sciences,Health sciences,7,Number of revisions,"This row only uses data from single-blind journals. The study only gives the total number of reviewers they assigned to male/female, so we excluded the manuscripts for which they assigned 0 reviewers for this calculation. "
Squazzoni et al. (2021),Observational,First,Gender_2,Z_Female,Reviewer,All Male,617,0.750405186,2013,Life sciences,Life sciences,1,Number of revisions,"This row only uses data from single-blind journals. The study only gives the total number of reviewers they assigned to male/female, so we excluded the manuscripts for which they assigned 0 reviewers for this calculation. "
Squazzoni et al. (2021),Observational,First,Gender_2,Z_Female,Reviewer,All Male,1249,0.771817454,2013,Life sciences,Life sciences,2,Number of revisions,"This row only uses data from single-blind journals. The study only gives the total number of reviewers they assigned to male/female, so we excluded the manuscripts for which they assigned 0 reviewers for this calculation. "
Squazzoni et al. (2021),Observational,First,Gender_2,Z_Female,Reviewer,All Male,1123,0.901157614,2013,Life sciences,Life sciences,3,Number of revisions,"This row only uses data from single-blind journals. The study only gives the total number of reviewers they assigned to male/female, so we excluded the manuscripts for which they assigned 0 reviewers for this calculation. "
Squazzoni et al. (2021),Observational,First,Gender_2,Z_Female,Reviewer,All Male,446,0.807174888,2013,Life sciences,Life sciences,4,Number of revisions,"This row only uses data from single-blind journals. The study only gives the total number of reviewers they assigned to male/female, so we excluded the manuscripts for which they assigned 0 reviewers for this calculation. "
Squazzoni et al. (2021),Observational,First,Gender_2,Z_Female,Reviewer,All Male,709,0.899858956,2013,Life sciences,Life sciences,5,Number of revisions,"This row only uses data from single-blind journals. The study only gives the total number of reviewers they assigned to male/female, so we excluded the manuscripts for which they assigned 0 reviewers for this calculation. "
Squazzoni et al. (2021),Observational,First,Gender_2,Z_Female,Reviewer,All Male,292,0.828767123,2013,Life sciences,Life sciences,6,Number of revisions,"This row only uses data from single-blind journals. The study only gives the total number of reviewers they assigned to male/female, so we excluded the manuscripts for which they assigned 0 reviewers for this calculation. "
Squazzoni et al. (2021),Observational,First,Gender_2,Z_Female,Reviewer,All Male,37,1.135135135,2013,Life sciences,Life sciences,7,Number of revisions,"This row only uses data from single-blind journals. The study only gives the total number of reviewers they assigned to male/female, so we excluded the manuscripts for which they assigned 0 reviewers for this calculation. "
Squazzoni et al. (2021),Observational,First,Gender_2,Z_Female,Reviewer,All Male,52,1.115384615,2013,Life sciences,Life sciences,8,Number of revisions,"This row only uses data from single-blind journals. The study only gives the total number of reviewers they assigned to male/female, so we excluded the manuscripts for which they assigned 0 reviewers for this calculation. "
Squazzoni et al. (2021),Observational,First,Gender_2,Male,Reviewer,1+ Female,759,1.056653491,2013,Health sciences,Health sciences,1,Number of revisions,"This row only uses data from single-blind journals. The study only gives the total number of reviewers they assigned to male/female, so we excluded the manuscripts for which they assigned 0 reviewers for this calculation. "
Squazzoni et al. (2021),Observational,First,Gender_2,Male,Reviewer,1+ Female,2926,0.645933014,2013,Health sciences,Health sciences,2,Number of revisions,"This row only uses data from single-blind journals. The study only gives the total number of reviewers they assigned to male/female, so we excluded the manuscripts for which they assigned 0 reviewers for this calculation. "
Squazzoni et al. (2021),Observational,First,Gender_2,Male,Reviewer,1+ Female,2275,0.83032967,2013,Health sciences,Health sciences,3,Number of revisions,"This row only uses data from single-blind journals. The study only gives the total number of reviewers they assigned to male/female, so we excluded the manuscripts for which they assigned 0 reviewers for this calculation. "
Squazzoni et al. (2021),Observational,First,Gender_2,Male,Reviewer,1+ Female,4390,0.741230068,2013,Health sciences,Health sciences,4,Number of revisions,"This row only uses data from single-blind journals. The study only gives the total number of reviewers they assigned to male/female, so we excluded the manuscripts for which they assigned 0 reviewers for this calculation. "
Squazzoni et al. (2021),Observational,First,Gender_2,Male,Reviewer,1+ Female,1498,0.720961282,2013,Health sciences,Health sciences,5,Number of revisions,"This row only uses data from single-blind journals. The study only gives the total number of reviewers they assigned to male/female, so we excluded the manuscripts for which they assigned 0 reviewers for this calculation. "
Squazzoni et al. (2021),Observational,First,Gender_2,Male,Reviewer,1+ Female,776,0.606958763,2013,Health sciences,Health sciences,6,Number of revisions,"This row only uses data from single-blind journals. The study only gives the total number of reviewers they assigned to male/female, so we excluded the manuscripts for which they assigned 0 reviewers for this calculation. "
Squazzoni et al. (2021),Observational,First,Gender_2,Male,Reviewer,1+ Female,396,0.517676768,2013,Health sciences,Health sciences,7,Number of revisions,"This row only uses data from single-blind journals. The study only gives the total number of reviewers they assigned to male/female, so we excluded the manuscripts for which they assigned 0 reviewers for this calculation. "
Squazzoni et al. (2021),Observational,First,Gender_2,Male,Reviewer,1+ Female,691,0.784370478,2013,Life sciences,Life sciences,1,Number of revisions,"This row only uses data from single-blind journals. The study only gives the total number of reviewers they assigned to male/female, so we excluded the manuscripts for which they assigned 0 reviewers for this calculation. "
Squazzoni et al. (2021),Observational,First,Gender_2,Male,Reviewer,1+ Female,1014,0.820512821,2013,Life sciences,Life sciences,2,Number of revisions,"This row only uses data from single-blind journals. The study only gives the total number of reviewers they assigned to male/female, so we excluded the manuscripts for which they assigned 0 reviewers for this calculation. "
Squazzoni et al. (2021),Observational,First,Gender_2,Male,Reviewer,1+ Female,1088,0.973345588,2013,Life sciences,Life sciences,3,Number of revisions,"This row only uses data from single-blind journals. The study only gives the total number of reviewers they assigned to male/female, so we excluded the manuscripts for which they assigned 0 reviewers for this calculation. "
Squazzoni et al. (2021),Observational,First,Gender_2,Male,Reviewer,1+ Female,493,0.860040568,2013,Life sciences,Life sciences,4,Number of revisions,"This row only uses data from single-blind journals. The study only gives the total number of reviewers they assigned to male/female, so we excluded the manuscripts for which they assigned 0 reviewers for this calculation. "
Squazzoni et al. (2021),Observational,First,Gender_2,Male,Reviewer,1+ Female,729,1.028806584,2013,Life sciences,Life sciences,5,Number of revisions,"This row only uses data from single-blind journals. The study only gives the total number of reviewers they assigned to male/female, so we excluded the manuscripts for which they assigned 0 reviewers for this calculation. "
Squazzoni et al. (2021),Observational,First,Gender_2,Male,Reviewer,1+ Female,326,0.828220859,2013,Life sciences,Life sciences,6,Number of revisions,"This row only uses data from single-blind journals. The study only gives the total number of reviewers they assigned to male/female, so we excluded the manuscripts for which they assigned 0 reviewers for this calculation. "
Squazzoni et al. (2021),Observational,First,Gender_2,Male,Reviewer,1+ Female,61,1.295081967,2013,Life sciences,Life sciences,7,Number of revisions,"This row only uses data from single-blind journals. The study only gives the total number of reviewers they assigned to male/female, so we excluded the manuscripts for which they assigned 0 reviewers for this calculation. "
Squazzoni et al. (2021),Observational,First,Gender_2,Male,Reviewer,1+ Female,38,0.605263158,2013,Life sciences,Life sciences,8,Number of revisions,"This row only uses data from single-blind journals. The study only gives the total number of reviewers they assigned to male/female, so we excluded the manuscripts for which they assigned 0 reviewers for this calculation. "
Squazzoni et al. (2021),Observational,First,Gender_2,Male,Reviewer,All Male,964,0.837136929,2013,Health sciences,Health sciences,1,Number of revisions,"This row only uses data from single-blind journals. The study only gives the total number of reviewers they assigned to male/female, so we excluded the manuscripts for which they assigned 0 reviewers for this calculation. "
Squazzoni et al. (2021),Observational,First,Gender_2,Male,Reviewer,All Male,6518,0.547867444,2013,Health sciences,Health sciences,2,Number of revisions,"This row only uses data from single-blind journals. The study only gives the total number of reviewers they assigned to male/female, so we excluded the manuscripts for which they assigned 0 reviewers for this calculation. "
Squazzoni et al. (2021),Observational,First,Gender_2,Male,Reviewer,All Male,4693,0.752610271,2013,Health sciences,Health sciences,3,Number of revisions,"This row only uses data from single-blind journals. The study only gives the total number of reviewers they assigned to male/female, so we excluded the manuscripts for which they assigned 0 reviewers for this calculation. "
Squazzoni et al. (2021),Observational,First,Gender_2,Male,Reviewer,All Male,6961,0.665421635,2013,Health sciences,Health sciences,4,Number of revisions,"This row only uses data from single-blind journals. The study only gives the total number of reviewers they assigned to male/female, so we excluded the manuscripts for which they assigned 0 reviewers for this calculation. "
Squazzoni et al. (2021),Observational,First,Gender_2,Male,Reviewer,All Male,2536,0.656545741,2013,Health sciences,Health sciences,5,Number of revisions,"This row only uses data from single-blind journals. The study only gives the total number of reviewers they assigned to male/female, so we excluded the manuscripts for which they assigned 0 reviewers for this calculation. "
Squazzoni et al. (2021),Observational,First,Gender_2,Male,Reviewer,All Male,2094,0.515281757,2013,Health sciences,Health sciences,6,Number of revisions,"This row only uses data from single-blind journals. The study only gives the total number of reviewers they assigned to male/female, so we excluded the manuscripts for which they assigned 0 reviewers for this calculation. "
Squazzoni et al. (2021),Observational,First,Gender_2,Male,Reviewer,All Male,1141,0.439088519,2013,Health sciences,Health sciences,7,Number of revisions,"This row only uses data from single-blind journals. The study only gives the total number of reviewers they assigned to male/female, so we excluded the manuscripts for which they assigned 0 reviewers for this calculation. "
Squazzoni et al. (2021),Observational,First,Gender_2,Male,Reviewer,All Male,1330,0.756390977,2013,Life sciences,Life sciences,1,Number of revisions,"This row only uses data from single-blind journals. The study only gives the total number of reviewers they assigned to male/female, so we excluded the manuscripts for which they assigned 0 reviewers for this calculation. "
Squazzoni et al. (2021),Observational,First,Gender_2,Male,Reviewer,All Male,2407,0.81262983,2013,Life sciences,Life sciences,2,Number of revisions,"This row only uses data from single-blind journals. The study only gives the total number of reviewers they assigned to male/female, so we excluded the manuscripts for which they assigned 0 reviewers for this calculation. "
Squazzoni et al. (2021),Observational,First,Gender_2,Male,Reviewer,All Male,2097,0.840724845,2013,Life sciences,Life sciences,3,Number of revisions,"This row only uses data from single-blind journals. The study only gives the total number of reviewers they assigned to male/female, so we excluded the manuscripts for which they assigned 0 reviewers for this calculation. "
Squazzoni et al. (2021),Observational,First,Gender_2,Male,Reviewer,All Male,640,0.8265625,2013,Life sciences,Life sciences,4,Number of revisions,"This row only uses data from single-blind journals. The study only gives the total number of reviewers they assigned to male/female, so we excluded the manuscripts for which they assigned 0 reviewers for this calculation. "
Squazzoni et al. (2021),Observational,First,Gender_2,Male,Reviewer,All Male,950,0.974736842,2013,Life sciences,Life sciences,5,Number of revisions,"This row only uses data from single-blind journals. The study only gives the total number of reviewers they assigned to male/female, so we excluded the manuscripts for which they assigned 0 reviewers for this calculation. "
Squazzoni et al. (2021),Observational,First,Gender_2,Male,Reviewer,All Male,286,0.870629371,2013,Life sciences,Life sciences,6,Number of revisions,"This row only uses data from single-blind journals. The study only gives the total number of reviewers they assigned to male/female, so we excluded the manuscripts for which they assigned 0 reviewers for this calculation. "
Squazzoni et al. (2021),Observational,First,Gender_2,Male,Reviewer,All Male,42,1.452380952,2013,Life sciences,Life sciences,7,Number of revisions,"This row only uses data from single-blind journals. The study only gives the total number of reviewers they assigned to male/female, so we excluded the manuscripts for which they assigned 0 reviewers for this calculation. "
Squazzoni et al. (2021),Observational,First,Gender_2,Male,Reviewer,All Male,69,0.782608696,2013,Life sciences,Life sciences,8,Number of revisions,"This row only uses data from single-blind journals. The study only gives the total number of reviewers they assigned to male/female, so we excluded the manuscripts for which they assigned 0 reviewers for this calculation. "
Squazzoni et al. (2021),Observational,Last,Gender_2,Z_Female,Reviewer,1+ Female,512,1.046875,2013,Health sciences,Health sciences,1,Number of revisions,"This row only uses data from single-blind journals. The study only gives the total number of reviewers they assigned to male/female, so we excluded the manuscripts for which they assigned 0 reviewers for this calculation. "
Squazzoni et al. (2021),Observational,Last,Gender_2,Z_Female,Reviewer,1+ Female,1745,0.652148997,2013,Health sciences,Health sciences,2,Number of revisions,"This row only uses data from single-blind journals. The study only gives the total number of reviewers they assigned to male/female, so we excluded the manuscripts for which they assigned 0 reviewers for this calculation. "
Squazzoni et al. (2021),Observational,Last,Gender_2,Z_Female,Reviewer,1+ Female,1376,0.82630814,2013,Health sciences,Health sciences,3,Number of revisions,"This row only uses data from single-blind journals. The study only gives the total number of reviewers they assigned to male/female, so we excluded the manuscripts for which they assigned 0 reviewers for this calculation. "
Squazzoni et al. (2021),Observational,Last,Gender_2,Z_Female,Reviewer,1+ Female,4050,0.743209877,2013,Health sciences,Health sciences,4,Number of revisions,"This row only uses data from single-blind journals. The study only gives the total number of reviewers they assigned to male/female, so we excluded the manuscripts for which they assigned 0 reviewers for this calculation. "
Squazzoni et al. (2021),Observational,Last,Gender_2,Z_Female,Reviewer,1+ Female,953,0.769150052,2013,Health sciences,Health sciences,5,Number of revisions,"This row only uses data from single-blind journals. The study only gives the total number of reviewers they assigned to male/female, so we excluded the manuscripts for which they assigned 0 reviewers for this calculation. "
Squazzoni et al. (2021),Observational,Last,Gender_2,Z_Female,Reviewer,1+ Female,373,0.563002681,2013,Health sciences,Health sciences,6,Number of revisions,"This row only uses data from single-blind journals. The study only gives the total number of reviewers they assigned to male/female, so we excluded the manuscripts for which they assigned 0 reviewers for this calculation. "
Squazzoni et al. (2021),Observational,Last,Gender_2,Z_Female,Reviewer,1+ Female,125,0.496,2013,Health sciences,Health sciences,7,Number of revisions,"This row only uses data from single-blind journals. The study only gives the total number of reviewers they assigned to male/female, so we excluded the manuscripts for which they assigned 0 reviewers for this calculation. "
Squazzoni et al. (2021),Observational,Last,Gender_2,Z_Female,Reviewer,1+ Female,247,0.894736842,2013,Life sciences,Life sciences,1,Number of revisions,"This row only uses data from single-blind journals. The study only gives the total number of reviewers they assigned to male/female, so we excluded the manuscripts for which they assigned 0 reviewers for this calculation. "
Squazzoni et al. (2021),Observational,Last,Gender_2,Z_Female,Reviewer,1+ Female,489,0.809815951,2013,Life sciences,Life sciences,2,Number of revisions,"This row only uses data from single-blind journals. The study only gives the total number of reviewers they assigned to male/female, so we excluded the manuscripts for which they assigned 0 reviewers for this calculation. "
Squazzoni et al. (2021),Observational,Last,Gender_2,Z_Female,Reviewer,1+ Female,529,0.899810964,2013,Life sciences,Life sciences,3,Number of revisions,"This row only uses data from single-blind journals. The study only gives the total number of reviewers they assigned to male/female, so we excluded the manuscripts for which they assigned 0 reviewers for this calculation. "
Squazzoni et al. (2021),Observational,Last,Gender_2,Z_Female,Reviewer,1+ Female,358,0.857541899,2013,Life sciences,Life sciences,4,Number of revisions,"This row only uses data from single-blind journals. The study only gives the total number of reviewers they assigned to male/female, so we excluded the manuscripts for which they assigned 0 reviewers for this calculation. "
Squazzoni et al. (2021),Observational,Last,Gender_2,Z_Female,Reviewer,1+ Female,441,0.986394558,2013,Life sciences,Life sciences,5,Number of revisions,"This row only uses data from single-blind journals. The study only gives the total number of reviewers they assigned to male/female, so we excluded the manuscripts for which they assigned 0 reviewers for this calculation. "
Squazzoni et al. (2021),Observational,Last,Gender_2,Z_Female,Reviewer,1+ Female,282,0.868794326,2013,Life sciences,Life sciences,6,Number of revisions,"This row only uses data from single-blind journals. The study only gives the total number of reviewers they assigned to male/female, so we excluded the manuscripts for which they assigned 0 reviewers for this calculation. "
Squazzoni et al. (2021),Observational,Last,Gender_2,Z_Female,Reviewer,1+ Female,48,1.354166667,2013,Life sciences,Life sciences,7,Number of revisions,"This row only uses data from single-blind journals. The study only gives the total number of reviewers they assigned to male/female, so we excluded the manuscripts for which they assigned 0 reviewers for this calculation. "
Squazzoni et al. (2021),Observational,Last,Gender_2,Z_Female,Reviewer,1+ Female,17,0.470588235,2013,Life sciences,Life sciences,8,Number of revisions,"This row only uses data from single-blind journals. The study only gives the total number of reviewers they assigned to male/female, so we excluded the manuscripts for which they assigned 0 reviewers for this calculation. "
Squazzoni et al. (2021),Observational,Last,Gender_2,Z_Female,Reviewer,All Male,481,0.925155925,2013,Health sciences,Health sciences,1,Number of revisions,"This row only uses data from single-blind journals. The study only gives the total number of reviewers they assigned to male/female, so we excluded the manuscripts for which they assigned 0 reviewers for this calculation. "
Squazzoni et al. (2021),Observational,Last,Gender_2,Z_Female,Reviewer,All Male,2592,0.570987654,2013,Health sciences,Health sciences,2,Number of revisions,"This row only uses data from single-blind journals. The study only gives the total number of reviewers they assigned to male/female, so we excluded the manuscripts for which they assigned 0 reviewers for this calculation. "
Squazzoni et al. (2021),Observational,Last,Gender_2,Z_Female,Reviewer,All Male,1862,0.700859291,2013,Health sciences,Health sciences,3,Number of revisions,"This row only uses data from single-blind journals. The study only gives the total number of reviewers they assigned to male/female, so we excluded the manuscripts for which they assigned 0 reviewers for this calculation. "
Squazzoni et al. (2021),Observational,Last,Gender_2,Z_Female,Reviewer,All Male,3670,0.638419619,2013,Health sciences,Health sciences,4,Number of revisions,"This row only uses data from single-blind journals. The study only gives the total number of reviewers they assigned to male/female, so we excluded the manuscripts for which they assigned 0 reviewers for this calculation. "
Squazzoni et al. (2021),Observational,Last,Gender_2,Z_Female,Reviewer,All Male,1098,0.683060109,2013,Health sciences,Health sciences,5,Number of revisions,"This row only uses data from single-blind journals. The study only gives the total number of reviewers they assigned to male/female, so we excluded the manuscripts for which they assigned 0 reviewers for this calculation. "
Squazzoni et al. (2021),Observational,Last,Gender_2,Z_Female,Reviewer,All Male,767,0.504563233,2013,Health sciences,Health sciences,6,Number of revisions,"This row only uses data from single-blind journals. The study only gives the total number of reviewers they assigned to male/female, so we excluded the manuscripts for which they assigned 0 reviewers for this calculation. "
Squazzoni et al. (2021),Observational,Last,Gender_2,Z_Female,Reviewer,All Male,336,0.470238095,2013,Health sciences,Health sciences,7,Number of revisions,"This row only uses data from single-blind journals. The study only gives the total number of reviewers they assigned to male/female, so we excluded the manuscripts for which they assigned 0 reviewers for this calculation. "
Squazzoni et al. (2021),Observational,Last,Gender_2,Z_Female,Reviewer,All Male,417,0.743405276,2013,Life sciences,Life sciences,1,Number of revisions,"This row only uses data from single-blind journals. The study only gives the total number of reviewers they assigned to male/female, so we excluded the manuscripts for which they assigned 0 reviewers for this calculation. "
Squazzoni et al. (2021),Observational,Last,Gender_2,Z_Female,Reviewer,All Male,881,0.765039728,2013,Life sciences,Life sciences,2,Number of revisions,"This row only uses data from single-blind journals. The study only gives the total number of reviewers they assigned to male/female, so we excluded the manuscripts for which they assigned 0 reviewers for this calculation. "
Squazzoni et al. (2021),Observational,Last,Gender_2,Z_Female,Reviewer,All Male,765,0.871895425,2013,Life sciences,Life sciences,3,Number of revisions,"This row only uses data from single-blind journals. The study only gives the total number of reviewers they assigned to male/female, so we excluded the manuscripts for which they assigned 0 reviewers for this calculation. "
Squazzoni et al. (2021),Observational,Last,Gender_2,Z_Female,Reviewer,All Male,311,0.75562701,2013,Life sciences,Life sciences,4,Number of revisions,"This row only uses data from single-blind journals. The study only gives the total number of reviewers they assigned to male/female, so we excluded the manuscripts for which they assigned 0 reviewers for this calculation. "
Squazzoni et al. (2021),Observational,Last,Gender_2,Z_Female,Reviewer,All Male,426,0.917840376,2013,Life sciences,Life sciences,5,Number of revisions,"This row only uses data from single-blind journals. The study only gives the total number of reviewers they assigned to male/female, so we excluded the manuscripts for which they assigned 0 reviewers for this calculation. "
Squazzoni et al. (2021),Observational,Last,Gender_2,Z_Female,Reviewer,All Male,225,0.817777778,2013,Life sciences,Life sciences,6,Number of revisions,"This row only uses data from single-blind journals. The study only gives the total number of reviewers they assigned to male/female, so we excluded the manuscripts for which they assigned 0 reviewers for this calculation. "
Squazzoni et al. (2021),Observational,Last,Gender_2,Z_Female,Reviewer,All Male,17,1.470588235,2013,Life sciences,Life sciences,7,Number of revisions,"This row only uses data from single-blind journals. The study only gives the total number of reviewers they assigned to male/female, so we excluded the manuscripts for which they assigned 0 reviewers for this calculation. "
Squazzoni et al. (2021),Observational,Last,Gender_2,Z_Female,Reviewer,All Male,23,1,2013,Life sciences,Life sciences,8,Number of revisions,"This row only uses data from single-blind journals. The study only gives the total number of reviewers they assigned to male/female, so we excluded the manuscripts for which they assigned 0 reviewers for this calculation. "
Squazzoni et al. (2021),Observational,Last,Gender_2,Male,Reviewer,1+ Female,940,1.05212766,2013,Health sciences,Health sciences,1,Number of revisions,"This row only uses data from single-blind journals. The study only gives the total number of reviewers they assigned to male/female, so we excluded the manuscripts for which they assigned 0 reviewers for this calculation. "
Squazzoni et al. (2021),Observational,Last,Gender_2,Male,Reviewer,1+ Female,3373,0.666765491,2013,Health sciences,Health sciences,2,Number of revisions,"This row only uses data from single-blind journals. The study only gives the total number of reviewers they assigned to male/female, so we excluded the manuscripts for which they assigned 0 reviewers for this calculation. "
Squazzoni et al. (2021),Observational,Last,Gender_2,Male,Reviewer,1+ Female,2853,0.825797406,2013,Health sciences,Health sciences,3,Number of revisions,"This row only uses data from single-blind journals. The study only gives the total number of reviewers they assigned to male/female, so we excluded the manuscripts for which they assigned 0 reviewers for this calculation. "
Squazzoni et al. (2021),Observational,Last,Gender_2,Male,Reviewer,1+ Female,5284,0.744322483,2013,Health sciences,Health sciences,4,Number of revisions,"This row only uses data from single-blind journals. The study only gives the total number of reviewers they assigned to male/female, so we excluded the manuscripts for which they assigned 0 reviewers for this calculation. "
Squazzoni et al. (2021),Observational,Last,Gender_2,Male,Reviewer,1+ Female,1738,0.733601841,2013,Health sciences,Health sciences,5,Number of revisions,"This row only uses data from single-blind journals. The study only gives the total number of reviewers they assigned to male/female, so we excluded the manuscripts for which they assigned 0 reviewers for this calculation. "
Squazzoni et al. (2021),Observational,Last,Gender_2,Male,Reviewer,1+ Female,847,0.619834711,2013,Health sciences,Health sciences,6,Number of revisions,"This row only uses data from single-blind journals. The study only gives the total number of reviewers they assigned to male/female, so we excluded the manuscripts for which they assigned 0 reviewers for this calculation. "
Squazzoni et al. (2021),Observational,Last,Gender_2,Male,Reviewer,1+ Female,355,0.529577465,2013,Health sciences,Health sciences,7,Number of revisions,"This row only uses data from single-blind journals. The study only gives the total number of reviewers they assigned to male/female, so we excluded the manuscripts for which they assigned 0 reviewers for this calculation. "
Squazzoni et al. (2021),Observational,Last,Gender_2,Male,Reviewer,1+ Female,733,0.791268759,2013,Life sciences,Life sciences,1,Number of revisions,"This row only uses data from single-blind journals. The study only gives the total number of reviewers they assigned to male/female, so we excluded the manuscripts for which they assigned 0 reviewers for this calculation. "
Squazzoni et al. (2021),Observational,Last,Gender_2,Male,Reviewer,1+ Female,1124,0.861209964,2013,Life sciences,Life sciences,2,Number of revisions,"This row only uses data from single-blind journals. The study only gives the total number of reviewers they assigned to male/female, so we excluded the manuscripts for which they assigned 0 reviewers for this calculation. "
Squazzoni et al. (2021),Observational,Last,Gender_2,Male,Reviewer,1+ Female,1300,1.020769231,2013,Life sciences,Life sciences,3,Number of revisions,"This row only uses data from single-blind journals. The study only gives the total number of reviewers they assigned to male/female, so we excluded the manuscripts for which they assigned 0 reviewers for this calculation. "
Squazzoni et al. (2021),Observational,Last,Gender_2,Male,Reviewer,1+ Female,590,0.838983051,2013,Life sciences,Life sciences,4,Number of revisions,"This row only uses data from single-blind journals. The study only gives the total number of reviewers they assigned to male/female, so we excluded the manuscripts for which they assigned 0 reviewers for this calculation. "
Squazzoni et al. (2021),Observational,Last,Gender_2,Male,Reviewer,1+ Female,981,1.037716616,2013,Life sciences,Life sciences,5,Number of revisions,"This row only uses data from single-blind journals. The study only gives the total number of reviewers they assigned to male/female, so we excluded the manuscripts for which they assigned 0 reviewers for this calculation. "
Squazzoni et al. (2021),Observational,Last,Gender_2,Male,Reviewer,1+ Female,404,0.824257426,2013,Life sciences,Life sciences,6,Number of revisions,"This row only uses data from single-blind journals. The study only gives the total number of reviewers they assigned to male/female, so we excluded the manuscripts for which they assigned 0 reviewers for this calculation. "
Squazzoni et al. (2021),Observational,Last,Gender_2,Male,Reviewer,1+ Female,79,1.202531646,2013,Life sciences,Life sciences,7,Number of revisions,"This row only uses data from single-blind journals. The study only gives the total number of reviewers they assigned to male/female, so we excluded the manuscripts for which they assigned 0 reviewers for this calculation. "
Squazzoni et al. (2021),Observational,Last,Gender_2,Male,Reviewer,1+ Female,46,0.673913043,2013,Life sciences,Life sciences,8,Number of revisions,"This row only uses data from single-blind journals. The study only gives the total number of reviewers they assigned to male/female, so we excluded the manuscripts for which they assigned 0 reviewers for this calculation. "
Squazzoni et al. (2021),Observational,Last,Gender_2,Male,Reviewer,All Male,1141,0.878177038,2013,Health sciences,Health sciences,1,Number of revisions,"This row only uses data from single-blind journals. The study only gives the total number of reviewers they assigned to male/female, so we excluded the manuscripts for which they assigned 0 reviewers for this calculation. "
Squazzoni et al. (2021),Observational,Last,Gender_2,Male,Reviewer,All Male,7231,0.569215876,2013,Health sciences,Health sciences,2,Number of revisions,"This row only uses data from single-blind journals. The study only gives the total number of reviewers they assigned to male/female, so we excluded the manuscripts for which they assigned 0 reviewers for this calculation. "
Squazzoni et al. (2021),Observational,Last,Gender_2,Male,Reviewer,All Male,5350,0.765794393,2013,Health sciences,Health sciences,3,Number of revisions,"This row only uses data from single-blind journals. The study only gives the total number of reviewers they assigned to male/female, so we excluded the manuscripts for which they assigned 0 reviewers for this calculation. "
Squazzoni et al. (2021),Observational,Last,Gender_2,Male,Reviewer,All Male,7699,0.659046629,2013,Health sciences,Health sciences,4,Number of revisions,"This row only uses data from single-blind journals. The study only gives the total number of reviewers they assigned to male/female, so we excluded the manuscripts for which they assigned 0 reviewers for this calculation. "
Squazzoni et al. (2021),Observational,Last,Gender_2,Male,Reviewer,All Male,2823,0.653914276,2013,Health sciences,Health sciences,5,Number of revisions,"This row only uses data from single-blind journals. The study only gives the total number of reviewers they assigned to male/female, so we excluded the manuscripts for which they assigned 0 reviewers for this calculation. "
Squazzoni et al. (2021),Observational,Last,Gender_2,Male,Reviewer,All Male,2222,0.52790279,2013,Health sciences,Health sciences,6,Number of revisions,"This row only uses data from single-blind journals. The study only gives the total number of reviewers they assigned to male/female, so we excluded the manuscripts for which they assigned 0 reviewers for this calculation. "
Squazzoni et al. (2021),Observational,Last,Gender_2,Male,Reviewer,All Male,1113,0.420485175,2013,Health sciences,Health sciences,7,Number of revisions,"This row only uses data from single-blind journals. The study only gives the total number of reviewers they assigned to male/female, so we excluded the manuscripts for which they assigned 0 reviewers for this calculation. "
Squazzoni et al. (2021),Observational,Last,Gender_2,Male,Reviewer,All Male,1397,0.763063708,2013,Life sciences,Life sciences,1,Number of revisions,"This row only uses data from single-blind journals. The study only gives the total number of reviewers they assigned to male/female, so we excluded the manuscripts for which they assigned 0 reviewers for this calculation. "
Squazzoni et al. (2021),Observational,Last,Gender_2,Male,Reviewer,All Male,2610,0.826436782,2013,Life sciences,Life sciences,2,Number of revisions,"This row only uses data from single-blind journals. The study only gives the total number of reviewers they assigned to male/female, so we excluded the manuscripts for which they assigned 0 reviewers for this calculation. "
Squazzoni et al. (2021),Observational,Last,Gender_2,Male,Reviewer,All Male,2349,0.876117497,2013,Life sciences,Life sciences,3,Number of revisions,"This row only uses data from single-blind journals. The study only gives the total number of reviewers they assigned to male/female, so we excluded the manuscripts for which they assigned 0 reviewers for this calculation. "
Squazzoni et al. (2021),Observational,Last,Gender_2,Male,Reviewer,All Male,763,0.837483617,2013,Life sciences,Life sciences,4,Number of revisions,"This row only uses data from single-blind journals. The study only gives the total number of reviewers they assigned to male/female, so we excluded the manuscripts for which they assigned 0 reviewers for this calculation. "
Squazzoni et al. (2021),Observational,Last,Gender_2,Male,Reviewer,All Male,1162,0.959552496,2013,Life sciences,Life sciences,5,Number of revisions,"This row only uses data from single-blind journals. The study only gives the total number of reviewers they assigned to male/female, so we excluded the manuscripts for which they assigned 0 reviewers for this calculation. "
Squazzoni et al. (2021),Observational,Last,Gender_2,Male,Reviewer,All Male,341,0.862170088,2013,Life sciences,Life sciences,6,Number of revisions,"This row only uses data from single-blind journals. The study only gives the total number of reviewers they assigned to male/female, so we excluded the manuscripts for which they assigned 0 reviewers for this calculation. "
Squazzoni et al. (2021),Observational,Last,Gender_2,Male,Reviewer,All Male,60,1.266666667,2013,Life sciences,Life sciences,7,Number of revisions,"This row only uses data from single-blind journals. The study only gives the total number of reviewers they assigned to male/female, so we excluded the manuscripts for which they assigned 0 reviewers for this calculation. "
Squazzoni et al. (2021),Observational,Last,Gender_2,Male,Reviewer,All Male,89,1.101123596,2013,Life sciences,Life sciences,8,Number of revisions,"This row only uses data from single-blind journals. The study only gives the total number of reviewers they assigned to male/female, so we excluded the manuscripts for which they assigned 0 reviewers for this calculation. "
