Study,Study type,Author position,Demographic,Country,Continent,Language,Percent_English,HDI,Rejected,Went through to next stage,% rejected,Year,Category,Subcategory,Journal.impact.factor,Stage,Notes
McGillivray and De Ranieri (2018),Observational,Corresponding,Country,Albania,Europe,Not_English,0.000943219,0.788,1,0,100,2016,Broad,Broad,20.37376471,Overall decision,This is from the subset of Nature portfolio journals that the author sent me. This is single-blind articles only. 
McGillivray and De Ranieri (2018),Observational,Corresponding,Country,Algeria,Africa,Not_English,0.058810583,0.743,3,0,100,2016,Broad,Broad,20.37376471,Overall decision,This is from the subset of Nature portfolio journals that the author sent me. This is single-blind articles only. 
McGillivray and De Ranieri (2018),Observational,Corresponding,Country,Argentina,Latin America,Not_English,0.156115605,0.839,57,2,96.61016949,2016,Broad,Broad,20.37376471,Overall decision,This is from the subset of Nature portfolio journals that the author sent me. This is single-blind articles only. 
Tregenza (2002),Observational,First,Country,Argentina,Latin America,Not_English,0.156115605,0.763,4,1,80,1998.5,Life sciences,Ecology & Evolution,2.5839,Overall decision,
Tregenza (2002),Observational,First,Country,Armenia,Asia,Not_English,0,0.657,1,0,100,1998.5,Life sciences,Ecology & Evolution,2.5839,Overall decision,
McGillivray and De Ranieri (2018),Observational,Corresponding,Country,Armenia,Asia,Not_English,0,0.766,2,0,100,2016,Broad,Broad,20.37376471,Overall decision,This is from the subset of Nature portfolio journals that the author sent me. This is single-blind articles only. 
Tregenza (2002),Observational,First,Country,Australia,Oceania,English,0.950269529,0.896,83,46,64.34108527,1998.5,Life sciences,Ecology & Evolution,2.5839,Overall decision,
McGillivray and De Ranieri (2018),Observational,Corresponding,Country,Australia,Oceania,English,0.950269529,0.939,1582,157,90.97182289,2016,Broad,Broad,20.37376471,Overall decision,This is from the subset of Nature portfolio journals that the author sent me. This is single-blind articles only. 
Ehara and Takahashi (2007),Observational,Corresponding,Country,Australia,Oceania,English,0.950269529,0.911,27,33,45,2004,Health sciences,Health sciences,2.384,Overall decision,"The ""accepted"" category is likely inflated because the authors used the total number of manuscripts rejected in a 2-year period for ""rejected"" but included ones still pending a decision as ""not rejected."" Mostly would reflect ""overall decision"""
Primack and Zipf (2016),Observational,Corresponding,Country,Australia,Oceania,English,0.950269529,0.928,872,382,69.53748006,2009.5,Life sciences,Ecology & Evolution,3.333,Overall decision,We emailed the author to confirm if they used corresponding author because it was not indicated in the article. They were not completely sure but thought it was corresponding because their other articles used corresponding. 
Ehara and Takahashi (2007),Observational,Corresponding,Country,Austria,Europe,Not_English,0.740294346,0.858,25,69,26.59574468,2004,Health sciences,Health sciences,2.384,Overall decision,"The ""accepted"" category is likely inflated because the authors used the total number of manuscripts rejected in a 2-year period for ""rejected"" but included ones still pending a decision as ""not rejected."" Mostly would reflect ""overall decision"""
McGillivray and De Ranieri (2018),Observational,Corresponding,Country,Austria,Europe,Not_English,0.740294346,0.917,372,54,87.32394366,2016,Broad,Broad,20.37376471,Overall decision,This is from the subset of Nature portfolio journals that the author sent me. This is single-blind articles only. 
Tregenza (2002),Observational,First,Country,Austria,Europe,Not_English,0.740294346,0.837,12,6,66.66666667,1998.5,Life sciences,Ecology & Evolution,2.5839,Overall decision,
McGillivray and De Ranieri (2018),Observational,Corresponding,Country,Azerbaijan,Asia,Not_English,0.000274354,0.751,3,0,100,2016,Broad,Broad,20.37376471,Overall decision,This is from the subset of Nature portfolio journals that the author sent me. This is single-blind articles only. 
McGillivray and De Ranieri (2018),Observational,Corresponding,Country,Bangladesh,Asia,Not_English,0.180140463,0.606,14,0,100,2016,Broad,Broad,20.37376471,Overall decision,This is from the subset of Nature portfolio journals that the author sent me. This is single-blind articles only. 
Tregenza (2002),Observational,First,Country,Bangladesh,Asia,Not_English,0.180140463,0.461,1,0,100,1998.5,Life sciences,Ecology & Evolution,2.5839,Overall decision,
Tregenza (2002),Observational,First,Country,Belgium,Europe,Not_English,0.511644425,0.873,25,12,67.56756757,1998.5,Life sciences,Ecology & Evolution,2.5839,Overall decision,
McGillivray and De Ranieri (2018),Observational,Corresponding,Country,Belgium,Europe,Not_English,0.511644425,0.924,414,48,89.61038961,2016,Broad,Broad,20.37376471,Overall decision,This is from the subset of Nature portfolio journals that the author sent me. This is single-blind articles only. 
Tregenza (2002),Observational,First,Country,Benin,Africa,Not_English,0,0.403,1,0,100,1998.5,Life sciences,Ecology & Evolution,2.5839,Overall decision,
McGillivray and De Ranieri (2018),Observational,Corresponding,Country,Botswana,Africa,English,0.405613074,0.72,2,0,100,2016,Broad,Broad,20.37376471,Overall decision,This is from the subset of Nature portfolio journals that the author sent me. This is single-blind articles only. 
McGillivray and De Ranieri (2018),Observational,Corresponding,Country,Brazil,Latin America,Not_English,0.05158326,0.758,295,8,97.35973597,2016,Broad,Broad,20.37376471,Overall decision,This is from the subset of Nature portfolio journals that the author sent me. This is single-blind articles only. 
Tregenza (2002),Observational,First,Country,Brazil,Latin America,Not_English,0.05158326,0.67,11,1,91.66666667,1998.5,Life sciences,Ecology & Evolution,2.5839,Overall decision,
Primack and Zipf (2016),Observational,Corresponding,Country,Brazil,Latin America,Not_English,0.05158326,0.719,422,77,84.56913828,2009.5,Life sciences,Ecology & Evolution,3.333,Overall decision,We emailed the author to confirm if they used corresponding author because it was not indicated in the article. They were not completely sure but thought it was corresponding because their other articles used corresponding. 
McGillivray and De Ranieri (2018),Observational,Corresponding,Country,Brunei,Asia,Not_English,0.300337153,0.839,1,0,100,2016,Broad,Broad,20.37376471,Overall decision,This is from the subset of Nature portfolio journals that the author sent me. This is single-blind articles only. 
McGillivray and De Ranieri (2018),Observational,Corresponding,Country,Bulgaria,Europe,Not_English,0.25248509,0.811,12,0,100,2016,Broad,Broad,20.37376471,Overall decision,This is from the subset of Nature portfolio journals that the author sent me. This is single-blind articles only. 
McGillivray and De Ranieri (2018),Observational,Corresponding,Country,Cambodia,Asia,Not_English,0.206909867,0.576,1,0,100,2016,Broad,Broad,20.37376471,Overall decision,This is from the subset of Nature portfolio journals that the author sent me. This is single-blind articles only. 
Tregenza (2002),Observational,First,Country,Cameroon,Africa,English,0.353429587,0.434,2,0,100,1998.5,Life sciences,Ecology & Evolution,2.5839,Overall decision,
Ehara and Takahashi (2007),Observational,Corresponding,Country,Canada,North America,English,0.795880839,0.888,77,121,38.88888889,2004,Health sciences,Health sciences,2.384,Overall decision,"The ""accepted"" category is likely inflated because the authors used the total number of manuscripts rejected in a 2-year period for ""rejected"" but included ones still pending a decision as ""not rejected."" Mostly would reflect ""overall decision"""
Primack and Zipf (2016),Observational,Corresponding,Country,Canada,North America,English,0.795880839,0.898,395,167,70.28469751,2009.5,Life sciences,Ecology & Evolution,3.333,Overall decision,We emailed the author to confirm if they used corresponding author because it was not indicated in the article. They were not completely sure but thought it was corresponding because their other articles used corresponding. 
McGillivray and De Ranieri (2018),Observational,Corresponding,Country,Canada,North America,English,0.795880839,0.923,1674,165,91.02773246,2016,Broad,Broad,20.37376471,Overall decision,This is from the subset of Nature portfolio journals that the author sent me. This is single-blind articles only. 
Tregenza (2002),Observational,First,Country,Canada,North America,English,0.795880839,0.861,70,38,64.81481481,1998.5,Life sciences,Ecology & Evolution,2.5839,Overall decision,
McGillivray and De Ranieri (2018),Observational,Corresponding,Country,Chile,Latin America,Not_English,0.108073066,0.845,40,1,97.56097561,2016,Broad,Broad,20.37376471,Overall decision,This is from the subset of Nature portfolio journals that the author sent me. This is single-blind articles only. 
Tregenza (2002),Observational,First,Country,Chile,Latin America,Not_English,0.108073066,0.743,5,0,100,1998.5,Life sciences,Ecology & Evolution,2.5839,Overall decision,
Tregenza (2002),Observational,First,Country,China,Asia,Not_English,0.011205037,0.571,7,0,100,1998.5,Life sciences,Ecology & Evolution,2.5839,Overall decision,
O'Connor et al. (2017),Observational,Corresponding,Country,China,Asia,Not_English,0.011205037,0.739,69,22,75.82417582,2015,Health sciences,Health sciences,3.124,Overall decision,"The entire journal is double-blind. They also surveyed reviewers to see how often they could correctly identify authors, which occurred in 12.9% of articles. "
Primack and Zipf (2016),Observational,Corresponding,Country,China,Asia,Not_English,0.011205037,0.687,548,55,90.87893864,2009.5,Life sciences,Ecology & Evolution,3.333,Overall decision,We emailed the author to confirm if they used corresponding author because it was not indicated in the article. They were not completely sure but thought it was corresponding because their other articles used corresponding. 
Ehara and Takahashi (2007),Observational,Corresponding,Country,China,Asia,Not_English,0.011205037,0.628,123,131,48.42519685,2004,Health sciences,Health sciences,2.384,Overall decision,"The ""accepted"" category is likely inflated because the authors used the total number of manuscripts rejected in a 2-year period for ""rejected"" but included ones still pending a decision as ""not rejected."" Mostly would reflect ""overall decision"""
McGillivray and De Ranieri (2018),Observational,Corresponding,Country,China,Asia,Not_English,0.011205037,0.746,8753,367,95.97587719,2016,Broad,Broad,20.37376471,Overall decision,This is from the subset of Nature portfolio journals that the author sent me. This is single-blind articles only. 
McGillivray and De Ranieri (2018),Observational,Corresponding,Country,Colombia,Latin America,Not_English,0.041232689,0.76,10,3,76.92307692,2016,Broad,Broad,20.37376471,Overall decision,This is from the subset of Nature portfolio journals that the author sent me. This is single-blind articles only. 
McGillivray and De Ranieri (2018),Observational,Corresponding,Country,Costa Rica,Latin America,Not_English,0.078364249,0.801,4,0,100,2016,Broad,Broad,20.37376471,Overall decision,This is from the subset of Nature portfolio journals that the author sent me. This is single-blind articles only. 
McGillivray and De Ranieri (2018),Observational,Corresponding,Country,Croatia,Europe,Not_English,0.473254543,0.841,14,2,87.5,2016,Broad,Broad,20.37376471,Overall decision,This is from the subset of Nature portfolio journals that the author sent me. This is single-blind articles only. 
McGillivray and De Ranieri (2018),Observational,Corresponding,Country,Cyprus,Asia,Not_English,0.739130435,0.873,10,1,90.90909091,2016,Broad,Broad,20.37376471,Overall decision,This is from the subset of Nature portfolio journals that the author sent me. This is single-blind articles only. 
Tregenza (2002),Observational,First,Country,Cyprus,Asia,Not_English,0.739130435,0.803,1,0,100,1998.5,Life sciences,Ecology & Evolution,2.5839,Overall decision,
McGillivray and De Ranieri (2018),Observational,Corresponding,Country,Czech Republic,Europe,Not_English,0.273180459,0.893,134,6,95.71428571,2016,Broad,Broad,20.37376471,Overall decision,This is from the subset of Nature portfolio journals that the author sent me. This is single-blind articles only. 
Tregenza (2002),Observational,First,Country,Czechia,Europe,Not_English,0.273180459,0.783,8,6,57.14285714,1998.5,Life sciences,Ecology & Evolution,2.5839,Overall decision,
Tregenza (2002),Observational,First,Country,Denmark,Europe,Not_English,0.864573111,0.856,18,8,69.23076923,1998.5,Life sciences,Ecology & Evolution,2.5839,Overall decision,
McGillivray and De Ranieri (2018),Observational,Corresponding,Country,Denmark,Europe,Not_English,0.864573111,0.935,412,66,86.19246862,2016,Broad,Broad,20.37376471,Overall decision,This is from the subset of Nature portfolio journals that the author sent me. This is single-blind articles only. 
McGillivray and De Ranieri (2018),Observational,Corresponding,Country,Dominican Republic,Latin America,Not_English,0.004695369,0.743,1,0,100,2016,Broad,Broad,20.37376471,Overall decision,This is from the subset of Nature portfolio journals that the author sent me. This is single-blind articles only. 
McGillivray and De Ranieri (2018),Observational,Corresponding,Country,Ecuador,Latin America,Not_English,0,0.758,4,0,100,2016,Broad,Broad,20.37376471,Overall decision,This is from the subset of Nature portfolio journals that the author sent me. This is single-blind articles only. 
McGillivray and De Ranieri (2018),Observational,Corresponding,Country,Egypt,Africa,Not_English,0.337279125,0.696,20,0,100,2016,Broad,Broad,20.37376471,Overall decision,This is from the subset of Nature portfolio journals that the author sent me. This is single-blind articles only. 
Tregenza (2002),Observational,First,Country,Estonia,Europe,Not_English,0.537902564,0.766,1,1,50,1998.5,Life sciences,Ecology & Evolution,2.5839,Overall decision,
McGillivray and De Ranieri (2018),Observational,Corresponding,Country,Estonia,Europe,Not_English,0.537902564,0.881,21,0,100,2016,Broad,Broad,20.37376471,Overall decision,This is from the subset of Nature portfolio journals that the author sent me. This is single-blind articles only. 
McGillivray and De Ranieri (2018),Observational,Corresponding,Country,Ethiopia,Africa,Not_English,0.002237193,0.467,5,0,100,2016,Broad,Broad,20.37376471,Overall decision,This is from the subset of Nature portfolio journals that the author sent me. This is single-blind articles only. 
Tregenza (2002),Observational,First,Country,Fiji,Oceania,English,0.213681149,0.687,1,0,100,1998.5,Life sciences,Ecology & Evolution,2.5839,Overall decision,
Tregenza (2002),Observational,First,Country,Finland,Europe,Not_English,0.702891326,0.846,55,29,65.47619048,1998.5,Life sciences,Ecology & Evolution,2.5839,Overall decision,
McGillivray and De Ranieri (2018),Observational,Corresponding,Country,Finland,Europe,Not_English,0.702891326,0.932,284,25,91.90938511,2016,Broad,Broad,20.37376471,Overall decision,This is from the subset of Nature portfolio journals that the author sent me. This is single-blind articles only. 
Tregenza (2002),Observational,First,Country,France,Europe,Not_English,0.406987724,0.845,120,58,67.41573034,1998.5,Life sciences,Ecology & Evolution,2.5839,Overall decision,
Primack and Zipf (2016),Observational,Corresponding,Country,France,Europe,Not_English,0.406987724,0.876,333,99,77.08333333,2009.5,Life sciences,Ecology & Evolution,3.333,Overall decision,We emailed the author to confirm if they used corresponding author because it was not indicated in the article. They were not completely sure but thought it was corresponding because their other articles used corresponding. 
Ehara and Takahashi (2007),Observational,Corresponding,Country,France,Europe,Not_English,0.406987724,0.858,58,95,37.90849673,2004,Health sciences,Health sciences,2.384,Overall decision,"The ""accepted"" category is likely inflated because the authors used the total number of manuscripts rejected in a 2-year period for ""rejected"" but included ones still pending a decision as ""not rejected."" Mostly would reflect ""overall decision"""
McGillivray and De Ranieri (2018),Observational,Corresponding,Country,France,Europe,Not_English,0.406987724,0.894,2227,231,90.60211554,2016,Broad,Broad,20.37376471,Overall decision,This is from the subset of Nature portfolio journals that the author sent me. This is single-blind articles only. 
McGillivray and De Ranieri (2018),Observational,Corresponding,Country,Gambia,Africa,English,0.031140769,0.475,1,0,100,2016,Broad,Broad,20.37376471,Overall decision,This is from the subset of Nature portfolio journals that the author sent me. This is single-blind articles only. 
McGillivray and De Ranieri (2018),Observational,Corresponding,Country,Georgia,Asia,Not_English,0,0.792,4,0,100,2016,Broad,Broad,20.37376471,Overall decision,This is from the subset of Nature portfolio journals that the author sent me. This is single-blind articles only. 
McGillivray and De Ranieri (2018),Observational,Corresponding,Country,Germany,Europe,Not_English,0.586791396,0.941,3936,487,88.98937373,2016,Broad,Broad,20.37376471,Overall decision,This is from the subset of Nature portfolio journals that the author sent me. This is single-blind articles only. 
Tregenza (2002),Observational,First,Country,Germany,Europe,Not_English,0.586791396,0.86,71,36,66.35514019,1998.5,Life sciences,Ecology & Evolution,2.5839,Overall decision,
Primack and Zipf (2016),Observational,Corresponding,Country,Germany,Europe,Not_English,0.586791396,0.924,332,127,72.33115468,2009.5,Life sciences,Ecology & Evolution,3.333,Overall decision,We emailed the author to confirm if they used corresponding author because it was not indicated in the article. They were not completely sure but thought it was corresponding because their other articles used corresponding. 
Ehara and Takahashi (2007),Observational,Corresponding,Country,Germany,Europe,Not_English,0.586791396,0.907,85,178,32.31939163,2004,Health sciences,Health sciences,2.384,Overall decision,"The ""accepted"" category is likely inflated because the authors used the total number of manuscripts rejected in a 2-year period for ""rejected"" but included ones still pending a decision as ""not rejected."" Mostly would reflect ""overall decision"""
McGillivray and De Ranieri (2018),Observational,Corresponding,Country,Ghana,Africa,English,0.399062748,0.598,1,0,100,2016,Broad,Broad,20.37376471,Overall decision,This is from the subset of Nature portfolio journals that the author sent me. This is single-blind articles only. 
Tregenza (2002),Observational,First,Country,Greece,Europe,Not_English,0.521860412,0.795,2,0,100,1998.5,Life sciences,Ecology & Evolution,2.5839,Overall decision,
McGillivray and De Ranieri (2018),Observational,Corresponding,Country,Greece,Europe,Not_English,0.521860412,0.874,103,4,96.26168224,2016,Broad,Broad,20.37376471,Overall decision,This is from the subset of Nature portfolio journals that the author sent me. This is single-blind articles only. 
McGillivray and De Ranieri (2018),Observational,Corresponding,Country,Guyana,Latin America,English,0.955662463,0.676,3,0,100,2016,Broad,Broad,20.37376471,Overall decision,This is from the subset of Nature portfolio journals that the author sent me. This is single-blind articles only. 
Tregenza (2002),Observational,First,Country,Hong Kong,Asia,English,0.517248014,0.82,1,0,100,1998.5,Life sciences,Ecology & Evolution,2.5839,Overall decision,
McGillivray and De Ranieri (2018),Observational,Corresponding,Country,Hong Kong,Asia,English,0.517248014,0.936,317,22,93.51032448,2016,Broad,Broad,20.37376471,Overall decision,This is from the subset of Nature portfolio journals that the author sent me. This is single-blind articles only. 
Tregenza (2002),Observational,First,Country,Hungary,Europe,Not_English,0.204701273,0.758,9,5,64.28571429,1998.5,Life sciences,Ecology & Evolution,2.5839,Overall decision,
McGillivray and De Ranieri (2018),Observational,Corresponding,Country,Hungary,Europe,Not_English,0.204701273,0.844,143,6,95.97315436,2016,Broad,Broad,20.37376471,Overall decision,This is from the subset of Nature portfolio journals that the author sent me. This is single-blind articles only. 
Tregenza (2002),Observational,First,Country,Iceland,Europe,Not_English,0.858428325,0.855,1,0,100,1998.5,Life sciences,Ecology & Evolution,2.5839,Overall decision,
McGillivray and De Ranieri (2018),Observational,Corresponding,Country,Iceland,Europe,Not_English,0.858428325,0.941,31,7,81.57894737,2016,Broad,Broad,20.37376471,Overall decision,This is from the subset of Nature portfolio journals that the author sent me. This is single-blind articles only. 
Primack and Zipf (2016),Observational,Corresponding,Country,India,Asia,English,0.200031182,0.569,361,29,92.56410256,2009.5,Life sciences,Ecology & Evolution,3.333,Overall decision,We emailed the author to confirm if they used corresponding author because it was not indicated in the article. They were not completely sure but thought it was corresponding because their other articles used corresponding. 
Tregenza (2002),Observational,First,Country,India,Asia,English,0.200031182,0.481,8,1,88.88888889,1998.5,Life sciences,Ecology & Evolution,2.5839,Overall decision,
McGillivray and De Ranieri (2018),Observational,Corresponding,Country,India,Asia,English,0.200031182,0.63,884,13,98.55072464,2016,Broad,Broad,20.37376471,Overall decision,This is from the subset of Nature portfolio journals that the author sent me. This is single-blind articles only. 
Ehara and Takahashi (2007),Observational,Corresponding,Country,India,Asia,English,0.200031182,0.527,58,21,73.41772152,2004,Health sciences,Health sciences,2.384,Overall decision,"The ""accepted"" category is likely inflated because the authors used the total number of manuscripts rejected in a 2-year period for ""rejected"" but included ones still pending a decision as ""not rejected."" Mostly would reflect ""overall decision"""
McGillivray and De Ranieri (2018),Observational,Corresponding,Country,Indonesia,Asia,Not_English,0.000127328,0.703,11,0,100,2016,Broad,Broad,20.37376471,Overall decision,This is from the subset of Nature portfolio journals that the author sent me. This is single-blind articles only. 
McGillivray and De Ranieri (2018),Observational,Corresponding,Country,Iran,Asia,Not_English,0,0.784,84,0,100,2016,Broad,Broad,20.37376471,Overall decision,This is from the subset of Nature portfolio journals that the author sent me. This is single-blind articles only. 
McGillivray and De Ranieri (2018),Observational,Corresponding,Country,Iraq,Asia,Not_English,0.362812882,0.656,3,0,100,2016,Broad,Broad,20.37376471,Overall decision,This is from the subset of Nature portfolio journals that the author sent me. This is single-blind articles only. 
McGillivray and De Ranieri (2018),Observational,Corresponding,Country,Ireland,Europe,English,0.987103175,0.943,147,9,94.23076923,2016,Broad,Broad,20.37376471,Overall decision,This is from the subset of Nature portfolio journals that the author sent me. This is single-blind articles only. 
Tregenza (2002),Observational,First,Country,Ireland,Europe,English,0.987103175,0.851,3,1,75,1998.5,Life sciences,Ecology & Evolution,2.5839,Overall decision,
Tregenza (2002),Observational,First,Country,Israel,Asia,Not_English,0.71488881,0.852,38,8,82.60869565,1998.5,Life sciences,Ecology & Evolution,2.5839,Overall decision,
McGillivray and De Ranieri (2018),Observational,Corresponding,Country,Israel,Asia,Not_English,0.71488881,0.913,749,69,91.56479218,2016,Broad,Broad,20.37376471,Overall decision,This is from the subset of Nature portfolio journals that the author sent me. This is single-blind articles only. 
Ehara and Takahashi (2007),Observational,Corresponding,Country,Israel,Asia,Not_English,0.71488881,0.876,25,41,37.87878788,2004,Health sciences,Health sciences,2.384,Overall decision,"The ""accepted"" category is likely inflated because the authors used the total number of manuscripts rejected in a 2-year period for ""rejected"" but included ones still pending a decision as ""not rejected."" Mostly would reflect ""overall decision"""
McGillivray and De Ranieri (2018),Observational,Corresponding,Country,Italy,Europe,Not_English,0.3503861,0.884,1137,70,94.2004971,2016,Broad,Broad,20.37376471,Overall decision,This is from the subset of Nature portfolio journals that the author sent me. This is single-blind articles only. 
Ehara and Takahashi (2007),Observational,Corresponding,Country,Italy,Europe,Not_English,0.3503861,0.86,62,90,40.78947368,2004,Health sciences,Health sciences,2.384,Overall decision,"The ""accepted"" category is likely inflated because the authors used the total number of manuscripts rejected in a 2-year period for ""rejected"" but included ones still pending a decision as ""not rejected."" Mostly would reflect ""overall decision"""
Tregenza (2002),Observational,First,Country,Italy,Europe,Not_English,0.3503861,0.827,46,13,77.96610169,1998.5,Life sciences,Ecology & Evolution,2.5839,Overall decision,
McGillivray and De Ranieri (2018),Observational,Corresponding,Country,Jamaica,North America,English,0.994424661,0.731,1,0,100,2016,Broad,Broad,20.37376471,Overall decision,This is from the subset of Nature portfolio journals that the author sent me. This is single-blind articles only. 
Tregenza (2002),Observational,First,Country,Japan,Asia,Not_English,0.087429058,0.849,47,15,75.80645161,1998.5,Life sciences,Ecology & Evolution,2.5839,Overall decision,
Ehara and Takahashi (2007),Observational,Corresponding,Country,Japan,Asia,Not_English,0.087429058,0.871,244,334,42.21453287,2004,Health sciences,Health sciences,2.384,Overall decision,"The ""accepted"" category is likely inflated because the authors used the total number of manuscripts rejected in a 2-year period for ""rejected"" but included ones still pending a decision as ""not rejected."" Mostly would reflect ""overall decision"""
McGillivray and De Ranieri (2018),Observational,Corresponding,Country,Japan,Asia,Not_English,0.087429058,0.912,3625,257,93.37970118,2016,Broad,Broad,20.37376471,Overall decision,This is from the subset of Nature portfolio journals that the author sent me. This is single-blind articles only. 
McGillivray and De Ranieri (2018),Observational,Corresponding,Country,Jordan,Asia,Not_English,0.421767873,0.729,2,0,100,2016,Broad,Broad,20.37376471,Overall decision,This is from the subset of Nature portfolio journals that the author sent me. This is single-blind articles only. 
McGillivray and De Ranieri (2018),Observational,Corresponding,Country,Kazakhstan,Asia,Not_English,0.223,0.808,7,0,100,2016,Broad,Broad,20.37376471,Overall decision,This is from the subset of Nature portfolio journals that the author sent me. This is single-blind articles only. 
McGillivray and De Ranieri (2018),Observational,Corresponding,Country,Kenya,Africa,English,0.079285702,0.591,10,0,100,2016,Broad,Broad,20.37376471,Overall decision,This is from the subset of Nature portfolio journals that the author sent me. This is single-blind articles only. 
Tregenza (2002),Observational,First,Country,Kuwait,Asia,Not_English,0.008684888,0.78,1,0,100,1998.5,Life sciences,Ecology & Evolution,2.5839,Overall decision,
McGillivray and De Ranieri (2018),Observational,Corresponding,Country,Kuwait,Asia,Not_English,0.008684888,0.804,6,0,100,2016,Broad,Broad,20.37376471,Overall decision,This is from the subset of Nature portfolio journals that the author sent me. This is single-blind articles only. 
Tregenza (2002),Observational,First,Country,Latvia,Europe,Not_English,0.485851825,0.711,4,1,80,1998.5,Life sciences,Ecology & Evolution,2.5839,Overall decision,
Tregenza (2002),Observational,First,Country,Lebanon,Asia,Not_English,0.500967893,0.74,1,0,100,1998.5,Life sciences,Ecology & Evolution,2.5839,Overall decision,"Lebanon doesn't have an HDI until 2005, so we used that here. Lebanon was occupied by Syria until 2005. "
McGillivray and De Ranieri (2018),Observational,Corresponding,Country,Lebanon,Asia,Not_English,0.500967893,0.741,3,0,100,2016,Broad,Broad,20.37376471,Overall decision,This is from the subset of Nature portfolio journals that the author sent me. This is single-blind articles only. 
McGillivray and De Ranieri (2018),Observational,Corresponding,Country,Lithuania,Europe,Not_English,0.402820612,0.867,6,1,85.71428571,2016,Broad,Broad,20.37376471,Overall decision,This is from the subset of Nature portfolio journals that the author sent me. This is single-blind articles only. 
McGillivray and De Ranieri (2018),Observational,Corresponding,Country,Luxembourg,Europe,Not_English,0.576846307,0.91,24,5,82.75862069,2016,Broad,Broad,20.37376471,Overall decision,This is from the subset of Nature portfolio journals that the author sent me. This is single-blind articles only. 
McGillivray and De Ranieri (2018),Observational,Corresponding,Country,Madagascar,Africa,Not_English,0.082,0.523,1,0,100,2016,Broad,Broad,20.37376471,Overall decision,This is from the subset of Nature portfolio journals that the author sent me. This is single-blind articles only. 
McGillivray and De Ranieri (2018),Observational,Corresponding,Country,Malaysia,Asia,Not_English,0.318016465,0.8,36,1,97.2972973,2016,Broad,Broad,20.37376471,Overall decision,This is from the subset of Nature portfolio journals that the author sent me. This is single-blind articles only. 
Tregenza (2002),Observational,First,Country,Malaysia,Asia,Not_English,0.318016465,0.708,1,0,100,1998.5,Life sciences,Ecology & Evolution,2.5839,Overall decision,
McGillivray and De Ranieri (2018),Observational,Corresponding,Country,Malta,Europe,English,0.962894764,0.885,2,0,100,2016,Broad,Broad,20.37376471,Overall decision,This is from the subset of Nature portfolio journals that the author sent me. This is single-blind articles only. 
McGillivray and De Ranieri (2018),Observational,Corresponding,Country,Mexico,Latin America,Not_English,0.049257842,0.768,70,3,95.89041096,2016,Broad,Broad,20.37376471,Overall decision,This is from the subset of Nature portfolio journals that the author sent me. This is single-blind articles only. 
Tregenza (2002),Observational,First,Country,Mexico,Latin America,Not_English,0.049257842,0.695,8,2,80,1998.5,Life sciences,Ecology & Evolution,2.5839,Overall decision,
McGillivray and De Ranieri (2018),Observational,Corresponding,Country,Morocco,Africa,Not_English,0.140600884,0.667,1,0,100,2016,Broad,Broad,20.37376471,Overall decision,This is from the subset of Nature portfolio journals that the author sent me. This is single-blind articles only. 
McGillivray and De Ranieri (2018),Observational,Corresponding,Country,Nepal,Asia,Not_English,0.277039834,0.586,2,0,100,2016,Broad,Broad,20.37376471,Overall decision,This is from the subset of Nature portfolio journals that the author sent me. This is single-blind articles only. 
McGillivray and De Ranieri (2018),Observational,Corresponding,Country,Netherlands,Europe,Not_English,0.90729783,0.936,950,130,87.96296296,2016,Broad,Broad,20.37376471,Overall decision,This is from the subset of Nature portfolio journals that the author sent me. This is single-blind articles only. 
Tregenza (2002),Observational,First,Country,Netherlands,Europe,Not_English,0.90729783,0.874,46,34,57.5,1998.5,Life sciences,Ecology & Evolution,2.5839,Overall decision,
Ehara and Takahashi (2007),Observational,Corresponding,Country,Netherlands,Europe,Not_English,0.90729783,0.892,22,51,30.1369863,2004,Health sciences,Health sciences,2.384,Overall decision,"The ""accepted"" category is likely inflated because the authors used the total number of manuscripts rejected in a 2-year period for ""rejected"" but included ones still pending a decision as ""not rejected."" Mostly would reflect ""overall decision"""
Tregenza (2002),Observational,First,Country,New Zealand,Oceania,English,0.954,0.87,15,10,60,1998.5,Life sciences,Ecology & Evolution,2.5839,Overall decision,
McGillivray and De Ranieri (2018),Observational,Corresponding,Country,New Zealand,Oceania,English,0.954,0.924,112,9,92.56198347,2016,Broad,Broad,20.37376471,Overall decision,This is from the subset of Nature portfolio journals that the author sent me. This is single-blind articles only. 
McGillivray and De Ranieri (2018),Observational,Corresponding,Country,Nigeria,Africa,English,0.280448891,0.526,10,0,100,2016,Broad,Broad,20.37376471,Overall decision,This is from the subset of Nature portfolio journals that the author sent me. This is single-blind articles only. 
Tregenza (2002),Observational,First,Country,Nigeria,Africa,English,0.280448891,0.45,1,0,100,1998.5,Life sciences,Ecology & Evolution,2.5839,Overall decision,"Nigeria doesn’t have an HDI until 2003, so we used the 2003 HDI here"
Tregenza (2002),Observational,First,Country,Norway,Europe,Not_English,0.852428349,0.904,36,18,66.66666667,1998.5,Life sciences,Ecology & Evolution,2.5839,Overall decision,
McGillivray and De Ranieri (2018),Observational,Corresponding,Country,Norway,Europe,Not_English,0.852428349,0.95,201,25,88.9380531,2016,Broad,Broad,20.37376471,Overall decision,This is from the subset of Nature portfolio journals that the author sent me. This is single-blind articles only. 
McGillivray and De Ranieri (2018),Observational,Corresponding,Country,Oman,Asia,Not_English,0.003708591,0.815,1,0,100,2016,Broad,Broad,20.37376471,Overall decision,This is from the subset of Nature portfolio journals that the author sent me. This is single-blind articles only. 
McGillivray and De Ranieri (2018),Observational,Corresponding,Country,Pakistan,Asia,English,0.44546474,0.542,37,0,100,2016,Broad,Broad,20.37376471,Overall decision,This is from the subset of Nature portfolio journals that the author sent me. This is single-blind articles only. 
Tregenza (2002),Observational,First,Country,Panama,Latin America,Not_English,0.088595977,0.724,3,0,100,1998.5,Life sciences,Ecology & Evolution,2.5839,Overall decision,
McGillivray and De Ranieri (2018),Observational,Corresponding,Country,Panama,Latin America,Not_English,0.088595977,0.805,2,0,100,2016,Broad,Broad,20.37376471,Overall decision,This is from the subset of Nature portfolio journals that the author sent me. This is single-blind articles only. 
McGillivray and De Ranieri (2018),Observational,Corresponding,Country,Papua New Guinea,Oceania,English,0.114609139,0.549,1,0,100,2016,Broad,Broad,20.37376471,Overall decision,This is from the subset of Nature portfolio journals that the author sent me. This is single-blind articles only. 
McGillivray and De Ranieri (2018),Observational,Corresponding,Country,Peru,Latin America,Not_English,0.000473132,0.765,3,0,100,2016,Broad,Broad,20.37376471,Overall decision,This is from the subset of Nature portfolio journals that the author sent me. This is single-blind articles only. 
McGillivray and De Ranieri (2018),Observational,Corresponding,Country,Philippines,Asia,English,0.477767088,0.704,3,0,100,2016,Broad,Broad,20.37376471,Overall decision,This is from the subset of Nature portfolio journals that the author sent me. This is single-blind articles only. 
Tregenza (2002),Observational,First,Country,Poland,Europe,Not_English,0.35,0.774,9,2,81.81818182,1998.5,Life sciences,Ecology & Evolution,2.5839,Overall decision,
McGillivray and De Ranieri (2018),Observational,Corresponding,Country,Poland,Europe,Not_English,0.35,0.869,195,6,97.01492537,2016,Broad,Broad,20.37376471,Overall decision,This is from the subset of Nature portfolio journals that the author sent me. This is single-blind articles only. 
McGillivray and De Ranieri (2018),Observational,Corresponding,Country,Portugal,Europe,Not_English,0.281466799,0.855,145,9,94.15584416,2016,Broad,Broad,20.37376471,Overall decision,This is from the subset of Nature portfolio journals that the author sent me. This is single-blind articles only. 
Tregenza (2002),Observational,First,Country,Portugal,Europe,Not_English,0.281466799,0.787,2,3,40,1998.5,Life sciences,Ecology & Evolution,2.5839,Overall decision,
McGillivray and De Ranieri (2018),Observational,Corresponding,Country,Qatar,Asia,Not_English,0.017183719,0.845,10,0,100,2016,Broad,Broad,20.37376471,Overall decision,This is from the subset of Nature portfolio journals that the author sent me. This is single-blind articles only. 
McGillivray and De Ranieri (2018),Observational,Corresponding,Country,Romania,Europe,Not_English,0.317647059,0.82,13,0,100,2016,Broad,Broad,20.37376471,Overall decision,This is from the subset of Nature portfolio journals that the author sent me. This is single-blind articles only. 
Tregenza (2002),Observational,First,Country,Romania,Europe,Not_English,0.317647059,0.705,1,0,100,1998.5,Life sciences,Ecology & Evolution,2.5839,Overall decision,
Tregenza (2002),Observational,First,Country,Russian Federation,Asia,Not_English,0.053432135,0.705,5,1,83.33333333,1998.5,Life sciences,Ecology & Evolution,2.5839,Overall decision,
McGillivray and De Ranieri (2018),Observational,Corresponding,Country,Russian Federation,Asia,Not_English,0.053432135,0.815,208,4,98.11320755,2016,Broad,Broad,20.37376471,Overall decision,This is from the subset of Nature portfolio journals that the author sent me. This is single-blind articles only. 
McGillivray and De Ranieri (2018),Observational,Corresponding,Country,Saudi Arabia,Asia,Not_English,0.002955507,0.859,107,6,94.69026549,2016,Broad,Broad,20.37376471,Overall decision,This is from the subset of Nature portfolio journals that the author sent me. This is single-blind articles only. 
McGillivray and De Ranieri (2018),Observational,Corresponding,Country,Serbia,Europe,Not_English,0.000598959,0.795,8,0,100,2016,Broad,Broad,20.37376471,Overall decision,This is from the subset of Nature portfolio journals that the author sent me. This is single-blind articles only. 
McGillivray and De Ranieri (2018),Observational,Corresponding,Country,Singapore,Asia,English,0.483,0.935,676,59,91.97278912,2016,Broad,Broad,20.37376471,Overall decision,This is from the subset of Nature portfolio journals that the author sent me. This is single-blind articles only. 
Tregenza (2002),Observational,First,Country,Singapore,Asia,English,0.483,0.799,2,0,100,1998.5,Life sciences,Ecology & Evolution,2.5839,Overall decision,
Tregenza (2002),Observational,First,Country,Slovakia,Europe,Not_English,0.264,0.764,1,0,100,1998.5,Life sciences,Ecology & Evolution,2.5839,Overall decision,
McGillivray and De Ranieri (2018),Observational,Corresponding,Country,Slovakia,Europe,Not_English,0.264,0.853,13,0,100,2016,Broad,Broad,20.37376471,Overall decision,This is from the subset of Nature portfolio journals that the author sent me. This is single-blind articles only. 
Tregenza (2002),Observational,First,Country,Slovenia,Europe,Not_English,0.588987217,0.813,1,0,100,1998.5,Life sciences,Ecology & Evolution,2.5839,Overall decision,
McGillivray and De Ranieri (2018),Observational,Corresponding,Country,Slovenia,Europe,Not_English,0.588987217,0.9,40,6,86.95652174,2016,Broad,Broad,20.37376471,Overall decision,This is from the subset of Nature portfolio journals that the author sent me. This is single-blind articles only. 
McGillivray and De Ranieri (2018),Observational,Corresponding,Country,South Africa,Africa,English,0.347834607,0.703,64,5,92.75362319,2016,Broad,Broad,20.37376471,Overall decision,This is from the subset of Nature portfolio journals that the author sent me. This is single-blind articles only. 
Tregenza (2002),Observational,First,Country,South Africa,Africa,English,0.347834607,0.64,20,7,74.07407407,1998.5,Life sciences,Ecology & Evolution,2.5839,Overall decision,
McGillivray and De Ranieri (2018),Observational,Corresponding,Country,South Korea,Asia,Not_English,0.09917988,0.91,1947,103,94.97560976,2016,Broad,Broad,20.37376471,Overall decision,This is from the subset of Nature portfolio journals that the author sent me. This is single-blind articles only. 
Tregenza (2002),Observational,First,Country,South Korea,Asia,Not_English,0.09917988,0.802,1,0,100,1998.5,Life sciences,Ecology & Evolution,2.5839,Overall decision,
Ehara and Takahashi (2007),Observational,Corresponding,Country,South Korea,Asia,Not_English,0.09917988,0.853,159,298,34.79212254,2004,Health sciences,Health sciences,2.384,Overall decision,"The ""accepted"" category is likely inflated because the authors used the total number of manuscripts rejected in a 2-year period for ""rejected"" but included ones still pending a decision as ""not rejected."" Mostly would reflect ""overall decision"""
Ehara and Takahashi (2007),Observational,Corresponding,Country,Spain,Europe,Not_English,0.221115538,0.844,32,58,35.55555556,2004,Health sciences,Health sciences,2.384,Overall decision,"The ""accepted"" category is likely inflated because the authors used the total number of manuscripts rejected in a 2-year period for ""rejected"" but included ones still pending a decision as ""not rejected."" Mostly would reflect ""overall decision"""
McGillivray and De Ranieri (2018),Observational,Corresponding,Country,Spain,Europe,Not_English,0.221115538,0.899,1067,95,91.82444062,2016,Broad,Broad,20.37376471,Overall decision,This is from the subset of Nature portfolio journals that the author sent me. This is single-blind articles only. 
Primack and Zipf (2016),Observational,Corresponding,Country,Spain,Europe,Not_English,0.221115538,0.865,659,149,81.55940594,2009.5,Life sciences,Ecology & Evolution,3.333,Overall decision,We emailed the author to confirm if they used corresponding author because it was not indicated in the article. They were not completely sure but thought it was corresponding because their other articles used corresponding. 
Tregenza (2002),Observational,First,Country,Spain,Europe,Not_English,0.221115538,0.821,84,30,73.68421053,1998.5,Life sciences,Ecology & Evolution,2.5839,Overall decision,
McGillivray and De Ranieri (2018),Observational,Corresponding,Country,Sri Lanka,Asia,English,0.238,0.773,1,0,100,2016,Broad,Broad,20.37376471,Overall decision,This is from the subset of Nature portfolio journals that the author sent me. This is single-blind articles only. 
McGillivray and De Ranieri (2018),Observational,Corresponding,Country,Swaziland (Eswatini),Africa,English,0.061064701,0.588,2,0,100,2016,Broad,Broad,20.37376471,Overall decision,This is from the subset of Nature portfolio journals that the author sent me. This is single-blind articles only. 
McGillivray and De Ranieri (2018),Observational,Corresponding,Country,Sweden,Europe,Not_English,0.877952756,0.94,827,71,92.0935412,2016,Broad,Broad,20.37376471,Overall decision,This is from the subset of Nature portfolio journals that the author sent me. This is single-blind articles only. 
Tregenza (2002),Observational,First,Country,Sweden,Europe,Not_English,0.877952756,0.894,109,74,59.56284153,1998.5,Life sciences,Ecology & Evolution,2.5839,Overall decision,
McGillivray and De Ranieri (2018),Observational,Corresponding,Country,Switzerland,Europe,Not_English,0.5631846,0.947,1119,191,85.41984733,2016,Broad,Broad,20.37376471,Overall decision,This is from the subset of Nature portfolio journals that the author sent me. This is single-blind articles only. 
Ehara and Takahashi (2007),Observational,Corresponding,Country,Switzerland,Europe,Not_English,0.5631846,0.909,28,82,25.45454545,2004,Health sciences,Health sciences,2.384,Overall decision,"The ""accepted"" category is likely inflated because the authors used the total number of manuscripts rejected in a 2-year period for ""rejected"" but included ones still pending a decision as ""not rejected."" Mostly would reflect ""overall decision"""
Tregenza (2002),Observational,First,Country,Switzerland,Europe,Not_English,0.5631846,0.882,37,33,52.85714286,1998.5,Life sciences,Ecology & Evolution,2.5839,Overall decision,
Tregenza (2002),Observational,First,Country,Thailand,Asia,Not_English,0.274350729,0.633,1,0,100,1998.5,Life sciences,Ecology & Evolution,2.5839,Overall decision,
McGillivray and De Ranieri (2018),Observational,Corresponding,Country,Thailand,Asia,Not_English,0.274350729,0.756,21,1,95.45454545,2016,Broad,Broad,20.37376471,Overall decision,This is from the subset of Nature portfolio journals that the author sent me. This is single-blind articles only. 
McGillivray and De Ranieri (2018),Observational,Corresponding,Country,Trinidad and Tobago,North America,English,1,0.792,2,0,100,2016,Broad,Broad,20.37376471,Overall decision,This is from the subset of Nature portfolio journals that the author sent me. This is single-blind articles only. 
Tregenza (2002),Observational,First,Country,Tunisia,Africa,Not_English,0.146870916,0.632,1,0,100,1998.5,Life sciences,Ecology & Evolution,2.5839,Overall decision,
McGillivray and De Ranieri (2018),Observational,Corresponding,Country,Tunisia,Africa,Not_English,0.146870916,0.731,3,0,100,2016,Broad,Broad,20.37376471,Overall decision,This is from the subset of Nature portfolio journals that the author sent me. This is single-blind articles only. 
Tregenza (2002),Observational,First,Country,Turkey,Asia,Not_English,0.000573048,0.64,1,0,100,1998.5,Life sciences,Ecology & Evolution,2.5839,Overall decision,
Ehara and Takahashi (2007),Observational,Corresponding,Country,Turkey,Asia,Not_English,0.000573048,0.69,109,80,57.67195767,2004,Health sciences,Health sciences,2.384,Overall decision,"The ""accepted"" category is likely inflated because the authors used the total number of manuscripts rejected in a 2-year period for ""rejected"" but included ones still pending a decision as ""not rejected."" Mostly would reflect ""overall decision"""
McGillivray and De Ranieri (2018),Observational,Corresponding,Country,Turkey,Asia,Not_English,0.000573048,0.808,66,3,95.65217391,2016,Broad,Broad,20.37376471,Overall decision,This is from the subset of Nature portfolio journals that the author sent me. This is single-blind articles only. 
Tregenza (2002),Observational,First,Country,Uganda,Africa,English,0.670569043,0.373,1,0,100,1998.5,Life sciences,Ecology & Evolution,2.5839,Overall decision,
McGillivray and De Ranieri (2018),Observational,Corresponding,Country,Ukraine,Europe,Not_English,0.06830144,0.768,18,2,90,2016,Broad,Broad,20.37376471,Overall decision,This is from the subset of Nature portfolio journals that the author sent me. This is single-blind articles only. 
Tregenza (2002),Observational,First,Country,Ukraine,Europe,Not_English,0.06830144,0.688,0,1,0,1998.5,Life sciences,Ecology & Evolution,2.5839,Overall decision,
Tregenza (2002),Observational,First,Country,United Arab Emirates,Asia,Not_English,0.708450881,0.769,0,1,0,1998.5,Life sciences,Ecology & Evolution,2.5839,Overall decision,
McGillivray and De Ranieri (2018),Observational,Corresponding,Country,United Arab Emirates,Asia,Not_English,0.708450881,0.864,23,0,100,2016,Broad,Broad,20.37376471,Overall decision,This is from the subset of Nature portfolio journals that the author sent me. This is single-blind articles only. 
Ehara and Takahashi (2007),Observational,Corresponding,Country,United Kingdom,Europe,English,1,0.892,56,118,32.18390805,2004,Health sciences,Health sciences,2.384,Overall decision,"The ""accepted"" category is likely inflated because the authors used the total number of manuscripts rejected in a 2-year period for ""rejected"" but included ones still pending a decision as ""not rejected."" Mostly would reflect ""overall decision"""
Tregenza (2002),Observational,First,Country,United Kingdom,Europe,English,1,0.862,305,253,54.65949821,1998.5,Life sciences,Ecology & Evolution,2.5839,Overall decision,
Primack and Zipf (2016),Observational,Corresponding,Country,United Kingdom,Europe,English,1,0.906,704,381,64.88479263,2009.5,Life sciences,Ecology & Evolution,3.333,Overall decision,We emailed the author to confirm if they used corresponding author because it was not indicated in the article. They were not completely sure but thought it was corresponding because their other articles used corresponding. 
McGillivray and De Ranieri (2018),Observational,Corresponding,Country,United Kingdom,Europe,English,1,0.924,4101,627,86.73857868,2016,Broad,Broad,20.37376471,Overall decision,This is from the subset of Nature portfolio journals that the author sent me. This is single-blind articles only. 
O'Connor et al. (2017),Observational,Corresponding,Country,United States,North America,English,0.919915903,0.921,226,135,62.60387812,2015,Health sciences,Health sciences,3.124,Overall decision,"The entire journal is double-blind. They also surveyed reviewers to see how often they could correctly identify authors, which occurred in 12.9% of articles. "
McGillivray and De Ranieri (2018),Observational,Corresponding,Country,United States,North America,English,0.919915903,0.922,18613,2465,88.30534206,2016,Broad,Broad,20.37376471,Overall decision,This is from the subset of Nature portfolio journals that the author sent me. This is single-blind articles only. 
Ehara and Takahashi (2007),Observational,Corresponding,Country,United States,North America,English,0.919915903,0.897,621,1631,27.57548845,2004,Health sciences,Health sciences,2.384,Overall decision,"The ""accepted"" category is likely inflated because the authors used the total number of manuscripts rejected in a 2-year period for ""rejected"" but included ones still pending a decision as ""not rejected."" Mostly would reflect ""overall decision"""
Tregenza (2002),Observational,First,Country,United States,North America,English,0.919915903,0.889,272,172,61.26126126,1998.5,Life sciences,Ecology & Evolution,2.5839,Overall decision,
Primack and Zipf (2016),Observational,Corresponding,Country,United States,North America,English,0.919915903,0.912,1968,879,69.12539515,2009.5,Life sciences,Ecology & Evolution,3.333,Overall decision,We emailed the author to confirm if they used corresponding author because it was not indicated in the article. They were not completely sure but thought it was corresponding because their other articles used corresponding. 
McGillivray and De Ranieri (2018),Observational,Corresponding,Country,Uruguay,Latin America,Not_English,0.245601243,0.81,4,0,100,2016,Broad,Broad,20.37376471,Overall decision,This is from the subset of Nature portfolio journals that the author sent me. This is single-blind articles only. 
Tregenza (2002),Observational,First,Country,Uruguay,Latin America,Not_English,0.245601243,0.737,1,0,100,1998.5,Life sciences,Ecology & Evolution,2.5839,Overall decision,
McGillivray and De Ranieri (2018),Observational,Corresponding,Country,Uzbekistan,Asia,Not_English,0,0.705,1,0,100,2016,Broad,Broad,20.37376471,Overall decision,This is from the subset of Nature portfolio journals that the author sent me. This is single-blind articles only. 
Tregenza (2002),Observational,First,Country,Venezuela,Latin America,Not_English,0.001026371,0.672,1,1,50,1998.5,Life sciences,Ecology & Evolution,2.5839,Overall decision,
McGillivray and De Ranieri (2018),Observational,Corresponding,Country,Venezuela,Latin America,Not_English,0.001026371,0.759,1,0,100,2016,Broad,Broad,20.37376471,Overall decision,This is from the subset of Nature portfolio journals that the author sent me. This is single-blind articles only. 
McGillivray and De Ranieri (2018),Observational,Corresponding,Country,Viet Nam,Asia,Not_English,0,0.693,4,0,100,2016,Broad,Broad,20.37376471,Overall decision,This is from the subset of Nature portfolio journals that the author sent me. This is single-blind articles only. 
